Model,R-Squared,RMSE,MAE,n_train,n_test
Ridge Regression,0.011001828667563829,0.015890024514823502,0.012017956311897886,800,200
Linear Regression,0.010987226241015335,0.01589014182144048,0.012017924145404061,800,200
Gradient Boosting Regressor,-0.4966130218491669,0.019547066153691443,0.014106185896154852,800,200
